{"role_scores": {"Doctor": 0.5, "Critic": 0.8, "Supporter": 0.8, "Coach": 0.6666666666666666}, "overall": 0.6916666666666667}
{"role_scores": {"Doctor": 0.8333333333333334, "Critic": 0.4, "Supporter": 0.6, "Coach": 1.0}, "overall": 0.7083333333333334}
{"role_scores": {"Doctor": 0.5, "Critic": 0.4, "Supporter": 0.6, "Coach": 0.3333333333333333}, "overall": 0.4583333333333333}
